nq;xmax;xmin;nvar;unc
512;10.00;-10.00;1.00e-03;0.065877
512;10.00;-10.00;1.00e-04;0.028762
512;5.00;-5.00;1.00e-02;0.19664
1024;5.00;-5.00;1.00e-01;0.62092
2048;5.00;-5.00;1.00e-05;0.0067473
