nq;xmax;xmin;nvar;unc
512;10.00000;-10.00000;1.00000e-03;0.066
512;10.00000;-10.00000;1.00000e-04;0.029
512;5.00000;-5.00000;1.00000e-02;0.2
1024;5.00000;-5.00000;1.00000e-01;0.62
2048;5.00000;-5.00000;1.00000e-05;0.0068
